Classification,GroupNorm
Etiology,Etiology.R
Etiology,Etiology.W
Etiology,Etiology.R
Etiology,Etiology.W
Etiology,Etiology.W
Etiology,Etiology.R
Etiology,Etiology.W
Etiology,Etiology.R
Treatment,Treatment.R
Treatment,Treatment.W
Treatment,Treatment.R
Treatment,Treatment.W
Treatment,Treatment.R
Treatment,Treatment.W
Treatment,Treatment.W
Treatment,Treatment.R
Treatment,Treatment.W
Treatment,Treatment.R
General,General.W
General,General.R
General,General.W
General,General.R
General,General.R
General,General.W
General,General.R
General,General.W
General,General.W
General,General.R
General,General.R
General,General.W
General,General.R
General,General.W
General,General.R
General,General.W
Symptoms,Symptoms.W
Symptoms,Symptoms.R
Symptoms,Symptoms.R
Symptoms,Symptoms.W
Symptoms,Symptoms.R
Symptoms,Symptoms.W
Symptoms,Symptoms.W
Symptoms,Symptoms.R
Symptoms,Symptoms.R
Symptoms,Symptoms.W
Symptoms,Symptoms.R
Symptoms,Symptoms.W
Symptoms,Symptoms.R
Symptoms,Symptoms.W
Symptoms,Symptoms.W
Symptoms,Symptoms.R
Symptoms,Symptoms.W
Symptoms,Symptoms.R
Symptoms,Symptoms.W
Symptoms,Symptoms.R
Symptoms,Symptoms.R
Symptoms,Symptoms.W
Symptoms,Symptoms.R
Symptoms,Symptoms.W
Symptoms,Symptoms.W
Symptoms,Symptoms.R
Symptoms,Symptoms.R
Symptoms,Symptoms.W
Symptoms,Symptoms.R
Symptoms,Symptoms.W
Symptoms,Symptoms.R
Symptoms,Symptoms.W